,sepal_length,sepal_length,sepal_length,sepal_length,sepal_width,sepal_width,sepal_width,sepal_width,petal_length,petal_length,petal_length,petal_length,petal_width,petal_width,petal_width,petal_width
,mean,std,min,max,mean,std,min,max,mean,std,min,max,mean,std,min,max
species,,,,,,,,,,,,,,,,
setosa,5.006,0.3524896872134513,4.3,5.8,3.418,0.38102439795469095,2.3,4.4,1.464,0.1735111594364455,1.0,1.9,0.24400000000000002,0.1072095030816784,0.1,0.6
versicolor,5.936,0.5161711470638635,4.9,7.0,2.77,0.3137983233784114,2.0,3.4,4.26,0.46991097723995784,3.0,5.1,1.3259999999999998,0.19775268000454407,1.0,1.8
virginica,6.587999999999999,0.635879593274432,4.9,7.9,2.9739999999999998,0.3224966381726375,2.2,3.8,5.5520000000000005,0.5518946956639835,4.5,6.9,2.026,0.27465005563666745,1.4,2.5
